employee_id,location,date_of_join,date_of_resignation,job_name,department_name,manager_id,account_status,is_active_version
EMP1,London,06-01-2025,NULL,Associate Consultant,Delivery,EMP62,1,1
EMP2,New York,02-09-2025,NULL,Associate Consultant,Delivery,EMP557,1,1
EMP3,Chennai,02-02-2026,NULL,Trainee Software Engineer,Delivery,EMP981,1,1
EMP4,London,02-09-2024,09-06-2026,Associate Consultant,Delivery,EMP571,1,1
EMP5,Chennai,01-03-2019,NULL,Solutions Consultant,Delivery,EMP166,1,1
EMP6,Chennai,01-02-2023,NULL,Solutions Enabler,Delivery,EMP610,1,1
EMP7,Chennai,02-02-2026,NULL,Trainee Software Engineer,Delivery,EMP981,1,1
EMP8,NULL,NULL,NULL,NULL,NULL,,0,1
EMP9,NULL,NULL,NULL,NULL,NULL,,0,1
EMP10,Chennai,02-06-2025,NULL,Software Engineer,Delivery,EMP90,1,1
EMP11,Chennai,24-11-2025,NULL,Senior Software Engineer,Delivery,EMP445,1,1
EMP12,NULL,NULL,NULL,NULL,NULL,,0,1
EMP13,Chennai,02-02-2026,NULL,Trainee Software Engineer,Delivery,EMP928,1,1
EMP14,Chennai,02-02-2026,NULL,Trainee Software Engineer,Delivery,EMP981,1,1
EMP15,Chennai,NULL,NULL,NULL,NULL,,0,1
EMP16,NULL,NULL,NULL,NULL,NULL,,0,1
EMP17,Chennai,02-02-2026,NULL,Trainee Software Engineer,Delivery,EMP981,1,1
EMP18,London,02-03-2026,NULL,Manager,Delivery,EMP732,1,1
EMP19,NULL,NULL,NULL,NULL,NULL,,0,1
EMP20,Chennai,02-05-2022,NULL,Solutions Consultant,Delivery,EMP648,1,1
EMP21,NULL,NULL,NULL,NULL,NULL,,0,1
EMP22,London,30-09-2019,NULL,Principal,Delivery,EMP533,1,1
EMP23,New York,02-09-2025,NULL,Associate Consultant,Delivery,EMP479,1,1
EMP24,Chennai,05-06-2023,NULL,Solutions Enabler,Delivery,EMP252,1,1
EMP25,NULL,NULL,NULL,NULL,NULL,,0,1
EMP26,NULL,NULL,NULL,NULL,Delivery,,0,1
EMP27,London,12-12-2022,NULL,Senior Consultant,Delivery,EMP275,1,1
EMP28,NULL,NULL,NULL,NULL,NULL,,0,1
EMP29,London,11-08-2025,NULL,Principal,Delivery,EMP533,1,1
EMP30,London,18-03-2013,NULL,Solutions Consultant,Delivery,EMP732,1,1
EMP31,NULL,NULL,NULL,NULL,NULL,,0,1
EMP32,Chennai,25-03-2026,NULL,NULL,Delivery,EMP648,1,1
EMP33,NULL,NULL,NULL,NULL,NULL,,0,1
EMP34,NULL,NULL,NULL,NULL,NULL,,0,1
EMP35,Chennai,NULL,NULL,NULL,NULL,,0,1
EMP36,Chennai,02-12-2022,NULL,Solutions Consultant,Delivery,EMP357,1,1
EMP37,London,03-11-2025,NULL,Associate Consultant,Delivery,EMP900,1,1
EMP38,NULL,NULL,NULL,NULL,NULL,,0,1
EMP39,London,02-01-2017,NULL,Operations Associate,Support,EMP351,1,1
EMP40,London,08-07-2024,NULL,Associate Consultant,Delivery,EMP890,1,1
EMP41,Chennai,NULL,NULL,NULL,NULL,,0,1
EMP42,NULL,NULL,NULL,NULL,NULL,,0,1
EMP43,NULL,NULL,NULL,NULL,NULL,,0,1
EMP44,London,08-07-2024,NULL,Partner,Delivery,EMP351,1,1
EMP45,Chennai,02-02-2026,NULL,Trainee Software Engineer,Delivery,EMP928,1,1
EMP46,London,20-03-2023,NULL,Head of HR,Support,EMP61,1,1
EMP47,Chennai,02-06-2025,NULL,Principal Technology Architect,Delivery,EMP483,1,1
EMP48,Chennai,02-02-2026,NULL,Trainee Software Engineer,Delivery,EMP928,1,1
EMP49,NULL,NULL,NULL,NULL,NULL,,0,1
EMP50,NULL,NULL,NULL,NULL,NULL,,0,1
EMP51,NULL,NULL,NULL,NULL,NULL,,0,1
EMP52,NULL,NULL,NULL,NULL,NULL,,0,1
EMP53,NULL,NULL,NULL,NULL,NULL,,0,1
EMP54,NULL,NULL,NULL,NULL,NULL,,0,1
EMP55,Chennai,23-02-2026,NULL,Software Engineer,Delivery,EMP245,1,1
EMP56,London,06-01-2025,NULL,Consultant,Delivery,EMP195,1,1
EMP57,Chennai,24-07-2023,NULL,Solutions Enabler,Delivery,EMP750,1,1
EMP58,Chennai,01-07-2024,NULL,Senior Software Engineer,Delivery,EMP581,1,1
EMP59,NULL,NULL,NULL,NULL,NULL,,0,1
EMP60,New York,06-04-2026,NULL,Associate Consultant,Delivery,EMP805,1,1
EMP61,London,12-08-2024,NULL,Leadership,Support,EMP351,1,1
EMP62,London,05-07-2021,NULL,Manager,Delivery,EMP1031,1,1
EMP63,NULL,NULL,NULL,NULL,NULL,,0,1
EMP64,New York,19-09-2022,NULL,Senior Consultant,Delivery,EMP684,1,1
EMP65,Chennai,NULL,NULL,NULL,NULL,,0,1
EMP66,Chennai,NULL,NULL,NULL,NULL,,0,1
EMP67,Chennai,02-02-2026,NULL,Trainee Software Engineer,Delivery,EMP928,1,1
EMP68,Chennai,01-06-2021,NULL,Solutions Consultant,Delivery,EMP357,1,1
EMP69,Chennai,04-11-2025,NULL,Software Engineer,Delivery,EMP1034,1,1
EMP70,NULL,25-05-2026,NULL,RM Specialist,NULL,EMP61,1,1
EMP71,NULL,NULL,NULL,NULL,NULL,,0,1
EMP72,New York,18-05-2026,NULL,NULL,People,EMP186,1,1
EMP73,NULL,NULL,NULL,NULL,NULL,,0,1
EMP74,NULL,NULL,NULL,NULL,NULL,,0,1
EMP75,London,07-04-2026,NULL,Consultant,Delivery,EMP754,1,1
EMP76,London,05-05-2026,04-11-2026,Senior Legal Counsel,,EMP441,1,1
EMP77,Chennai,02-02-2026,NULL,Trainee Software Engineer,Delivery,EMP981,1,1
EMP78,Chennai,13-12-2021,NULL,Solutions Enabler,Delivery,EMP636,1,1
EMP79,Chennai,01-07-2024,NULL,Senior Software Engineer,Delivery,EMP403,1,1
EMP80,Chennai,02-02-2026,NULL,Trainee Software Engineer,Delivery,EMP981,1,1
EMP81,NULL,NULL,NULL,NULL,,,0,1
EMP82,Chennai,02-02-2026,NULL,Trainee Software Engineer,Delivery,EMP981,1,1
EMP83,Chennai,01-07-2024,NULL,Senior Software Engineer,Delivery,EMP559,1,1
EMP84,Chennai,02-02-2026,NULL,Trainee Software Engineer,Delivery,EMP981,1,1
EMP85,Chennai,04-11-2025,NULL,Software Engineer,Delivery,EMP582,1,1
EMP86,Chennai,01-09-2022,NULL,Senior Software Engineer,Delivery,EMP438,1,1
EMP87,NULL,NULL,NULL,NULL,NULL,,0,1
EMP88,Chennai,NULL,NULL,NULL,NULL,,0,1
EMP89,NULL,NULL,NULL,NULL,NULL,,0,1
EMP90,Chennai,01-02-2023,NULL,Solutions Enabler,Delivery,EMP683,1,1
EMP91,Chennai,03-06-2024,NULL,Solutions Enabler,Delivery,EMP231,1,1
EMP92,NULL,NULL,NULL,NULL,NULL,,0,1
EMP93,NULL,NULL,NULL,NULL,NULL,,0,1
EMP94,London,25-04-2024,NULL,Senior Associate Consultant,Delivery,EMP809,1,1
EMP95,Chennai,03-06-2024,NULL,Solutions Enabler,Delivery,EMP952,1,1
EMP96,New York,07-07-2025,NULL,Associate Consultant,Delivery,EMP152,1,1
EMP97,Chennai,02-02-2026,NULL,Trainee Software Engineer,Delivery,EMP981,1,1
EMP98,Chennai,01-01-2018,NULL,Senior Solutions Consultant,Delivery,EMP215,1,1
EMP99,NULL,NULL,NULL,NULL,NULL,,0,1
EMP100,Chennai,02-02-2026,NULL,Trainee Software Engineer,Delivery,EMP981,1,1
EMP101,NULL,NULL,NULL,NULL,NULL,,0,1
EMP102,Chennai,24-07-2023,NULL,Solutions Enabler,Delivery,EMP490,1,1
EMP103,Chennai,04-11-2025,NULL,Software Engineer,Delivery,EMP327,1,1
EMP104,Chennai,02-06-2025,NULL,Software Engineer,Delivery,EMP673,1,1
EMP105,NULL,NULL,NULL,NULL,NULL,,0,1
EMP106,Chennai,02-02-2026,NULL,Trainee Software Engineer,Delivery,EMP928,1,1
EMP107,NULL,NULL,NULL,NULL,NULL,,0,1
EMP108,London,19-08-2024,NULL,Senior Consultant,Delivery,EMP322,1,1
EMP109,NULL,NULL,NULL,NULL,NULL,,0,1
EMP110,London,01-09-2025,NULL,Associate Consultant,Delivery,EMP809,1,1
EMP111,Chennai,22-07-2024,NULL,Senior Software Engineer,Delivery,EMP569,1,1
EMP112,New York,08-12-2025,NULL,Associate Consultant,Delivery,EMP64,1,1
EMP113,NULL,NULL,NULL,NULL,NULL,,0,1
EMP114,Chennai,02-06-2025,NULL,Software Engineer,Delivery,EMP654,1,1
EMP115,NULL,NULL,NULL,NULL,NULL,,0,1
EMP116,Chennai,02-02-2026,NULL,Trainee Software Engineer,Delivery,EMP981,1,1
EMP117,Chennai,02-02-2026,NULL,Trainee Software Engineer,Delivery,EMP981,1,1
EMP118,NULL,NULL,NULL,NULL,NULL,,0,1
EMP119,Chennai,27-04-2026,NULL,Software Engineer,Delivery,EMP807,1,1
EMP120,NULL,NULL,NULL,NULL,NULL,,0,1
EMP121,Chennai,09-03-2026,NULL,NULL,Delivery,EMP476,1,1
EMP122,NULL,NULL,NULL,NULL,NULL,,0,1
EMP123,NULL,NULL,NULL,NULL,NULL,,0,1
EMP124,London,06-10-2025,NULL,Associate Consultant,Delivery,EMP601,1,1
EMP125,London,07-04-2025,NULL,Associate Consultant,Delivery,EMP937,1,1
EMP126,New York,05-08-2024,NULL,Operations Lead,Support,EMP46,1,1
EMP127,Chennai,02-02-2026,NULL,Trainee Software Engineer,Delivery,EMP981,1,1
EMP128,London,06-01-2025,NULL,Senior Associate Consultant,Delivery,EMP195,1,1
EMP129,New York,02-02-2026,NULL,Senior Associate Consultant,Delivery,EMP306,1,1
EMP130,NULL,NULL,NULL,NULL,NULL,,0,1
EMP131,NULL,NULL,NULL,NULL,NULL,,0,1
EMP132,Chennai,22-07-2024,NULL,Senior Software Engineer,Delivery,EMP899,1,1
EMP133,Chennai,03-06-2024,NULL,Senior Software Engineer,Delivery,EMP675,1,1
EMP134,NULL,NULL,NULL,NULL,NULL,,0,1
EMP135,London,19-01-2026,NULL,Associate Consultant,Delivery,EMP609,1,1
EMP136,Chennai,22-07-2024,NULL,Software Engineer,Delivery,EMP899,1,1
EMP137,Chennai,02-06-2025,NULL,Software Engineer,Delivery,EMP677,1,1
EMP138,Chennai,02-06-2025,NULL,Software Engineer,Delivery,EMP594,1,1
EMP139,NULL,NULL,NULL,NULL,NULL,,0,1
EMP140,NULL,NULL,NULL,NULL,Delivery,,0,1
EMP141,Chennai,NULL,NULL,NULL,NULL,,0,1
EMP142,NULL,NULL,NULL,NULL,NULL,,0,1
EMP143,Chennai,NULL,NULL,NULL,NULL,,0,1
EMP144,Chennai,02-02-2026,NULL,Trainee Software Engineer,Delivery,EMP981,1,1
EMP145,Chennai,02-02-2026,NULL,Trainee Software Engineer,Delivery,EMP928,1,1
EMP146,NULL,NULL,NULL,NULL,Delivery,,0,1
EMP147,London,07-04-2026,NULL,Associate Consultant,Delivery,EMP337,1,1
EMP148,Chennai,02-02-2026,NULL,Trainee Software Engineer,Delivery,EMP981,1,1
EMP149,NULL,NULL,NULL,NULL,NULL,,0,1
EMP150,NULL,NULL,NULL,NULL,NULL,,0,1
EMP151,Chennai,01-06-2021,NULL,Solutions Consultant,Delivery,EMP161,1,1
EMP152,New York,10-06-2024,NULL,Senior Consultant,Delivery,EMP661,1,1
EMP153,NULL,NULL,NULL,NULL,NULL,,0,1
EMP154,London,07-04-2026,NULL,Senior Associate Consultant,Delivery,EMP436,1,1
EMP155,London,02-02-2026,NULL,Associate Consultant,Delivery,EMP811,1,1
EMP156,NULL,NULL,NULL,NULL,NULL,,0,1
EMP157,NULL,NULL,NULL,NULL,NULL,,0,1
EMP158,Chennai,02-02-2026,NULL,Trainee Software Engineer,Delivery,EMP928,1,1
EMP159,Chennai,13-02-2026,NULL,Software Engineer,Delivery,EMP366,1,1
EMP160,Chennai,05-01-2026,NULL,Software Engineer,Delivery,EMP189,1,1
EMP161,Chennai,01-07-2020,NULL,Senior Solutions Consultant,Delivery,EMP973,1,1
EMP162,NULL,NULL,NULL,NULL,NULL,,0,1
EMP163,Chennai,NULL,NULL,NULL,NULL,,0,1
EMP164,NULL,NULL,NULL,NULL,NULL,,0,1
EMP165,Chennai,22-07-2024,NULL,Senior Software Engineer,Delivery,EMP899,1,1
EMP166,Chennai,26-05-2025,NULL,Solutions Consultant,Delivery,EMP749,1,1
EMP167,Chennai,13-12-2021,NULL,Solutions Consultant,Delivery,EMP973,1,1
EMP168,Chennai,NULL,NULL,NULL,NULL,,0,1
EMP169,Chennai,02-02-2026,NULL,Trainee Software Engineer,Delivery,EMP981,1,1
EMP170,NULL,NULL,NULL,NULL,NULL,,0,1
EMP171,Chennai,22-07-2024,NULL,Senior Software Engineer,Delivery,EMP1026,1,1
EMP172,London,06-02-2023,12-06-2026,Consultant,Delivery,EMP754,1,1
EMP173,NULL,NULL,NULL,NULL,NULL,,0,1
EMP174,Chennai,01-07-2024,NULL,Senior Software Engineer,Delivery,EMP848,1,1
EMP175,NULL,NULL,NULL,NULL,NULL,,0,1
EMP176,NULL,NULL,NULL,NULL,NULL,,0,1
EMP177,Chennai,02-02-2026,NULL,Trainee Software Engineer,Delivery,EMP928,1,1
EMP178,Chennai,16-02-2026,NULL,Head of Delivery Governance,Delivery,EMP483,1,1
EMP179,London,04-03-2025,NULL,Senior Associate Consultant,Delivery,EMP615,1,1
EMP180,Chennai,02-02-2026,NULL,Trainee Software Engineer,Delivery,EMP928,1,1
EMP181,Chennai,NULL,NULL,NULL,NULL,,0,1
EMP182,NULL,NULL,NULL,NULL,NULL,,0,1
EMP183,NULL,NULL,NULL,NULL,NULL,,0,1
EMP184,NULL,NULL,NULL,NULL,NULL,,0,1
EMP185,Chennai,01-02-2023,NULL,Solutions Enabler,Delivery,EMP904,1,1
EMP186,New York,12-01-2026,NULL,Senior HRBP,HR,EMP46,1,1
EMP187,NULL,NULL,NULL,NULL,Delivery,,0,1
EMP188,NULL,NULL,NULL,NULL,NULL,,0,1
EMP189,Chennai,24-07-2023,NULL,Solutions Enabler,Delivery,EMP425,1,1
EMP190,Chennai,01-02-2023,NULL,Solutions Enabler,Delivery,EMP1026,1,1
EMP191,Chennai,15-12-2025,NULL,Senior Software Engineer,Delivery,EMP538,1,1
EMP192,London,22-07-2024,NULL,Associate Partner,Delivery,EMP44,1,1
EMP193,London,13-10-2025,NULL,Associate Partner,Delivery,EMP44,1,1
EMP194,Chennai,29-05-2024,NULL,Solutions Consultant,Delivery,EMP791,1,1
EMP195,London,04-05-2021,NULL,Senior Consultant,Delivery,EMP907,1,1
EMP196,London,02-03-2026,NULL,Senior Consultant,Delivery,EMP1036,1,1
EMP197,London,20-02-2023,NULL,Consultant,Delivery,EMP452,1,1
EMP198,Chennai,02-02-2026,NULL,Trainee Software Engineer,Delivery,EMP981,1,1
EMP199,NULL,NULL,NULL,NULL,NULL,,0,1
EMP200,Chennai,22-07-2024,NULL,Senior Software Engineer,Delivery,EMP921,1,1
EMP201,Chennai,02-02-2026,NULL,Trainee Software Engineer,Delivery,EMP981,1,1
EMP202,Chennai,04-11-2025,NULL,Software Engineer,Delivery,EMP397,1,1
EMP203,Chennai,NULL,NULL,NULL,NULL,,0,1
EMP204,Chennai,21-01-2026,NULL,Senior Software Engineer,Delivery,EMP271,1,1
EMP205,Chennai,02-06-2025,NULL,Software Engineer,Delivery,EMP582,1,1
EMP206,Chennai,22-07-2024,NULL,Senior Software Engineer,Delivery,EMP1034,1,1
EMP207,Chennai,13-12-2021,NULL,Senior Software Engineer,Delivery,EMP683,1,1
EMP208,Chennai,NULL,NULL,NULL,NULL,,0,1
EMP209,Chennai,02-02-2026,NULL,Trainee Software Engineer,Delivery,EMP981,1,1
EMP210,London,03-09-2012,NULL,Associate Partner,Delivery,EMP483,1,1
EMP211,Chennai,02-02-2026,NULL,Trainee Software Engineer,Delivery,EMP928,1,1
EMP212,London,01-01-2024,NULL,Non-executive Director,Support,EMP640,1,1
EMP213,Chennai,02-02-2026,NULL,Trainee Software Engineer,Delivery,EMP981,1,1
EMP214,Chennai,02-06-2025,NULL,Software Engineer,Delivery,EMP200,1,1
EMP215,Chennai,21-09-2015,NULL,Technology Solutions Architect,Delivery,EMP676,1,1
EMP216,Chennai,02-02-2026,NULL,Trainee Software Engineer,Delivery,EMP928,1,1
EMP217,Chennai,30-04-2025,NULL,Software Engineer,Delivery,EMP225,1,1
EMP218,Chennai,24-07-2023,NULL,Senior Software Engineer,Delivery,EMP403,1,1
EMP219,London,11-05-2026,NULL,Senior Associate Consultant,Consulting,EMP108,1,1
EMP220,NULL,NULL,NULL,NULL,Delivery,,0,1
EMP221,NULL,NULL,NULL,NULL,NULL,,0,1
EMP222,NULL,NULL,NULL,NULL,NULL,,0,1
EMP223,NULL,NULL,NULL,NULL,NULL,,0,1
EMP224,NULL,NULL,NULL,NULL,NULL,,0,1
EMP225,Chennai,21-04-2025,NULL,Consultant,Delivery,EMP648,1,1
EMP226,Chennai,02-02-2026,NULL,Trainee Software Engineer,Delivery,EMP928,1,1
EMP227,Chennai,02-02-2026,NULL,Trainee Software Engineer,Delivery,EMP928,1,1
EMP228,NULL,NULL,NULL,NULL,NULL,,0,1
EMP229,NULL,NULL,NULL,NULL,NULL,,0,1
EMP230,London,07-08-2023,NULL,Consultant,Delivery,EMP937,1,1
EMP231,Chennai,01-01-2018,NULL,Principal Technology Architect,Delivery,EMP648,1,1
EMP232,NULL,NULL,NULL,NULL,NULL,,0,1
EMP233,New York,01-01-2018,NULL,Technology Solutions Architect,Delivery,EMP903,1,1
EMP234,Chennai,02-06-2025,NULL,Software Engineer,Delivery,EMP36,1,1
EMP235,NULL,NULL,NULL,NULL,NULL,,0,1
EMP236,NULL,NULL,NULL,NULL,NULL,,0,1
EMP237,Chennai,06-09-2021,NULL,Solutions Consultant,Delivery,EMP425,1,1
EMP238,NULL,NULL,NULL,NULL,NULL,,0,1
EMP239,Chennai,01-07-2024,NULL,Solutions Enabler,Delivery,EMP610,1,1
EMP240,NULL,NULL,NULL,NULL,NULL,,0,1
EMP241,Chennai,08-04-2026,NULL,Senior Software Engineer,Delivery,EMP244,1,1
EMP242,Chennai,25-05-2026,NULL,Legal Counsel,Support - Legal,EMP178,1,1
EMP243,Chennai,22-07-2024,NULL,Senior Software Engineer,Delivery,EMP6,1,1
EMP244,Chennai,01-08-2020,NULL,Senior Solutions Consultant,Delivery,EMP231,1,1
EMP245,Chennai,13-12-2021,NULL,Solutions Consultant,Delivery,EMP398,1,1
EMP246,Chennai,22-07-2024,NULL,Senior Software Engineer,Delivery,EMP882,1,1
EMP247,NULL,NULL,NULL,NULL,NULL,,0,1
EMP248,London,01-09-2025,29-05-2026,Interim Head of Resourcing,Support,EMP61,1,1
EMP249,Chennai,13-12-2021,NULL,Solutions Enabler,Delivery,EMP683,1,1
EMP250,Chennai,02-02-2026,NULL,Trainee Software Engineer,Delivery,EMP981,1,1
EMP251,Chennai,02-02-2026,NULL,Trainee Software Engineer,Delivery,EMP981,1,1
EMP252,Chennai,01-01-2018,NULL,Senior Solutions Consultant,Delivery,EMP398,1,1
EMP253,London,06-10-2025,NULL,Associate Consultant,Delivery,EMP436,1,1
EMP254,Chennai,24-07-2023,NULL,Solutions Enabler,Delivery,EMP428,1,1
EMP255,Chennai,NULL,NULL,NULL,NULL,,0,1
EMP256,Chennai,01-11-2023,NULL,Senior People Operations,HR,EMP301,1,1
EMP257,Chennai,02-02-2026,NULL,Trainee Software Engineer,Delivery,EMP928,1,1
EMP258,Chennai,02-02-2026,NULL,Trainee Software Engineer,Delivery,EMP928,1,1
EMP259,Chennai,02-02-2026,NULL,Trainee Software Engineer,Delivery,EMP981,1,1
EMP260,London,07-08-2023,NULL,FP&A Business Partner,Support,EMP268,1,1
EMP261,London,03-11-2025,NULL,Associate Consultant,Delivery,EMP108,1,1
EMP262,Chennai,02-02-2026,NULL,Trainee Software Engineer,Delivery,EMP928,1,1
EMP263,Chennai,NULL,NULL,NULL,NULL,,0,1
EMP264,NULL,NULL,NULL,NULL,NULL,,0,1
EMP265,NULL,NULL,NULL,NULL,NULL,,0,1
EMP266,Chennai,02-06-2025,NULL,Software Engineer,Delivery,EMP68,1,1
EMP267,Chennai,01-07-2024,NULL,Senior Software Engineer,Delivery,EMP20,1,1
EMP268,London,01-10-2024,NULL,Head of FP&A,Support,EMP61,1,1
EMP269,NULL,NULL,NULL,NULL,NULL,,0,1
EMP270,NULL,NULL,NULL,NULL,NULL,,0,1
EMP271,Chennai,13-12-2021,NULL,Solutions Enabler,Delivery,EMP973,1,1
EMP272,Chennai,02-02-2026,NULL,Trainee Software Engineer,Delivery,EMP981,1,1
EMP273,London,13-10-2025,NULL,FP&A Manager,Support,EMP268,1,1
EMP274,Chennai,24-07-2023,NULL,Senior Software Engineer,Delivery,EMP237,1,1
EMP275,London,04-10-2021,NULL,Manager,Delivery,EMP907,1,1
EMP276,London,03-10-2022,NULL,Senior Consultant,Delivery,EMP1031,1,1
EMP277,Chennai,01-08-2020,NULL,Solutions Consultant,Delivery,EMP215,1,1
EMP278,NULL,NULL,NULL,NULL,Delivery,,0,1
EMP279,London,07-04-2025,NULL,Senior Associate Consultant,Delivery,EMP452,1,1
EMP280,Chennai,02-02-2026,NULL,Trainee Software Engineer,Delivery,EMP981,1,1
EMP281,London,03-02-2025,NULL,Senior Associate Consultant,Delivery,EMP322,1,1
EMP282,Chennai,17-06-2024,NULL,Senior Software Engineer,Delivery,EMP426,1,1
EMP283,NULL,NULL,NULL,NULL,NULL,,0,1
EMP284,Chennai,02-02-2026,NULL,Trainee Software Engineer,Delivery,EMP981,1,1
EMP285,NULL,NULL,NULL,NULL,NULL,,0,1
EMP286,NULL,NULL,NULL,NULL,NULL,,0,1
EMP287,London,09-03-2026,NULL,Consultant,Delivery,EMP994,1,1
EMP288,Chennai,03-04-2023,NULL,Senior Solutions Consultant,Delivery,EMP749,1,1
EMP289,NULL,NULL,NULL,NULL,NULL,,0,1
EMP290,NULL,NULL,NULL,NULL,NULL,,0,1
EMP291,Chennai,NULL,NULL,NULL,NULL,,0,1
EMP292,NULL,NULL,NULL,NULL,NULL,,0,1
EMP293,NULL,NULL,NULL,NULL,NULL,,0,1
EMP294,NULL,NULL,NULL,NULL,NULL,,0,1
EMP295,NULL,NULL,NULL,NULL,NULL,,0,1
EMP296,NULL,NULL,NULL,NULL,Delivery,,0,1
EMP297,NULL,NULL,NULL,NULL,NULL,,0,1
EMP298,NULL,NULL,NULL,NULL,Delivery,,0,1
EMP299,NULL,NULL,NULL,NULL,Delivery,,0,1
EMP300,Chennai,25-05-2026,NULL,Senior Software Engineer,Delivery,EMP603,1,1
EMP301,Chennai,07-07-2025,NULL,Head of HR & Operations,HR,EMP483,1,1
EMP302,New York,02-06-2025,NULL,Associate Consultant,Delivery,EMP64,1,1
EMP303,NULL,NULL,NULL,NULL,Delivery,,0,1
EMP304,Chennai,02-02-2026,NULL,Trainee Software Engineer,Delivery,EMP928,1,1
EMP305,NULL,NULL,NULL,NULL,NULL,,0,1
EMP306,New York,06-07-2020,NULL,Manager,Delivery,EMP903,1,1
EMP307,London,15-04-2026,NULL,Senior Associate Consultant,Delivery,EMP276,1,1
EMP308,London,15-06-2016,NULL,Associate Partner,Delivery,EMP44,1,1
EMP309,Chennai,02-02-2026,NULL,Trainee Software Engineer,Delivery,EMP981,1,1
EMP310,NULL,NULL,NULL,NULL,NULL,,0,1
EMP311,London,02-02-2026,NULL,Resourcing Manager,Support,EMP248,1,1
EMP312,Chennai,02-02-2026,NULL,Trainee Software Engineer,Delivery,EMP928,1,1
EMP313,Chennai,02-02-2026,NULL,Trainee Software Engineer,Delivery,EMP981,1,1
EMP314,London,28-02-2022,NULL,Senior Consultant,Delivery,EMP22,1,1
EMP315,NULL,NULL,NULL,NULL,NULL,,0,1
EMP316,Chennai,05-03-2026,NULL,NULL,Delivery,EMP166,1,1
EMP317,NULL,NULL,NULL,NULL,NULL,,0,1
EMP318,Chennai,22-07-2024,NULL,Senior Software Engineer,Delivery,EMP701,1,1
EMP319,Chennai,02-06-2025,NULL,Software Engineer,Delivery,EMP925,1,1
EMP320,New York,06-06-2022,NULL,Manager,Delivery,EMP751,1,1
EMP321,Chennai,17-06-2024,NULL,Senior Software Engineer,Delivery,EMP36,1,1
EMP322,London,24-06-2024,NULL,Manager,Delivery,EMP193,1,1
EMP323,Chennai,24-07-2023,NULL,Senior Software Engineer,Delivery,EMP438,1,1
EMP324,NULL,NULL,NULL,NULL,NULL,,0,1
EMP325,Chennai,22-07-2024,NULL,Senior Software Engineer,Delivery,EMP277,1,1
EMP326,Chennai,02-02-2026,NULL,Trainee Software Engineer,Delivery,EMP928,1,1
EMP327,Chennai,22-07-2024,NULL,Senior Software Engineer,Delivery,EMP68,1,1
EMP328,Chennai,04-11-2025,NULL,Software Engineer,Delivery,EMP1015,1,1
EMP329,NULL,NULL,NULL,NULL,NULL,,0,1
EMP330,Chennai,02-02-2026,NULL,Trainee Software Engineer,Delivery,EMP981,1,1
EMP331,London,04-09-2023,NULL,Senior Associate Consultant,Delivery,EMP452,1,1
EMP332,NULL,NULL,NULL,NULL,Delivery,,0,1
EMP333,New York,28-06-2021,NULL,Manager,Delivery,EMP907,1,1
EMP334,Chennai,02-02-2026,NULL,Trainee Software Engineer,Delivery,EMP981,1,1
EMP335,NULL,NULL,NULL,NULL,NULL,,0,1
EMP336,NULL,NULL,NULL,NULL,NULL,,0,1
EMP337,London,07-04-2025,NULL,Consultant,Delivery,EMP62,1,1
EMP338,NULL,NULL,NULL,NULL,Delivery,,0,1
EMP339,Chennai,22-07-2024,NULL,Senior Software Engineer,Delivery,EMP921,1,1
EMP340,Chennai,NULL,NULL,NULL,NULL,,0,1
EMP341,Chennai,02-02-2026,NULL,Trainee Software Engineer,Delivery,EMP928,1,1
EMP342,Chennai,02-06-2025,NULL,Software Engineer,Delivery,EMP803,1,1
EMP343,NULL,NULL,NULL,NULL,NULL,,0,1
EMP344,NULL,NULL,NULL,NULL,NULL,,0,1
EMP345,Chennai,02-02-2026,NULL,Trainee Software Engineer,Delivery,EMP928,1,1
EMP346,London,03-10-2022,26-06-2026,Senior Consultant,Delivery,EMP1031,1,1
EMP347,London,15-04-2026,NULL,Senior Associate Consultant,Delivery,EMP812,1,1
EMP348,Chennai,01-09-2022,NULL,Solutions Consultant,Delivery,EMP636,1,1
EMP349,London,07-10-2024,NULL,Consultant,Delivery,EMP314,1,1
EMP350,Chennai,24-11-2025,NULL,Senior Software Engineer,Delivery,EMP151,1,1
EMP351,London,01-01-2013,NULL,Leadership,Support,,1,1
EMP352,London,04-03-2025,NULL,Associate Consultant,Delivery,EMP108,1,1
EMP353,NULL,NULL,NULL,NULL,NULL,,0,1
EMP354,Chennai,02-02-2026,NULL,Trainee Software Engineer,Delivery,EMP928,1,1
EMP355,NULL,NULL,NULL,NULL,NULL,,0,1
EMP356,NULL,NULL,NULL,NULL,Delivery,,0,1
EMP357,Chennai,04-10-2024,NULL,Principal Technology Architect,Delivery,EMP483,1,1
EMP358,Chennai,NULL,NULL,NULL,NULL,,0,1
EMP359,London,09-06-2025,NULL,Principal,Delivery,EMP903,1,1
EMP360,Chennai,NULL,NULL,NULL,NULL,,0,1
EMP361,NULL,NULL,NULL,NULL,NULL,,0,1
EMP362,Chennai,NULL,NULL,NULL,NULL,,0,1
EMP363,NULL,NULL,NULL,NULL,NULL,,0,1
EMP364,NULL,NULL,NULL,NULL,NULL,,0,1
EMP365,Chennai,22-07-2024,NULL,Senior Software Engineer,Delivery,EMP426,1,1
EMP366,London,24-07-2023,NULL,Solutions Enabler,Delivery,EMP167,1,1
EMP367,NULL,NULL,NULL,NULL,NULL,,0,1
EMP368,NULL,NULL,NULL,NULL,NULL,,0,1
EMP369,NULL,NULL,NULL,NULL,NULL,,0,1
EMP370,London,22-07-2024,11-06-2026,Manager,Delivery,EMP732,1,1
EMP371,New York,07-07-2025,NULL,Associate Consultant,Delivery,EMP320,1,1
EMP372,London,05-01-2026,NULL,Associate Consultant,Delivery,EMP847,1,1
EMP373,Chennai,06-04-2026,NULL,Solutions Enabler,Delivery,EMP68,1,1
EMP374,Chennai,NULL,NULL,NULL,NULL,,0,1
EMP375,NULL,NULL,NULL,NULL,NULL,,0,1
EMP376,Chennai,01-07-2024,NULL,Senior Software Engineer,Delivery,EMP959,1,1
EMP377,Chennai,04-11-2025,NULL,Software Engineer,Delivery,EMP468,1,1
EMP378,Chennai,02-02-2026,NULL,Trainee Software Engineer,Delivery,EMP981,1,1
EMP379,Chennai,NULL,NULL,NULL,NULL,,0,1
EMP380,London,07-07-2025,NULL,Senior Associate Consultant,Delivery,EMP847,1,1
EMP381,NULL,NULL,NULL,NULL,NULL,,0,1
EMP382,London,05-01-2026,NULL,Associate Consultant,Delivery,EMP349,1,1
EMP383,NULL,NULL,NULL,NULL,NULL,,0,1
EMP384,Chennai,21-05-2026,NULL,Finance Executive,Support,EMP544,1,1
EMP385,NULL,NULL,NULL,NULL,NULL,,0,1
EMP386,Chennai,04-05-2026,NULL,Solutions Enabler,Delivery,EMP781,1,1
EMP387,Chennai,17-06-2024,NULL,Senior Software Engineer,Delivery,EMP20,1,1
EMP388,London,06-10-2025,NULL,Associate Consultant,Delivery,EMP615,1,1
EMP389,Chennai,02-02-2026,NULL,Trainee Software Engineer,Delivery,EMP981,1,1
EMP390,Chennai,01-02-2023,NULL,Solutions Enabler,Delivery,EMP443,1,1
EMP391,Chennai,02-06-2025,NULL,Software Engineer,Delivery,EMP803,1,1
EMP392,NULL,NULL,NULL,NULL,Delivery,,0,1
EMP393,London,01-09-2022,NULL,Senior Solutions Consultant,Delivery,EMP193,1,1
EMP394,London,03-11-2025,NULL,Associate Consultant,Delivery,EMP658,1,1
EMP395,Chennai,01-11-2023,NULL,Administration,HR,EMP629,1,1
EMP396,NULL,NULL,NULL,NULL,People Team,,0,1
EMP397,Chennai,17-06-2024,NULL,Solutions Enabler,Delivery,EMP68,1,1
EMP398,London,01-11-2012,NULL,Principal Technology Architect,Delivery,EMP357,1,1
EMP399,Chennai,24-07-2023,NULL,Senior Software Engineer,Delivery,EMP348,1,1
EMP400,Chennai,24-07-2023,NULL,Senior Software Engineer,Delivery,EMP959,1,1
EMP401,London,07-04-2026,NULL,Senior Associate Consultant,Delivery,EMP811,1,1
EMP402,NULL,NULL,NULL,NULL,,,0,1
EMP403,Chennai,24-07-2023,NULL,Solutions Enabler,Delivery,EMP490,1,1
EMP404,Chennai,01-03-2019,NULL,Solutions Enabler,Delivery,EMP288,1,1
EMP405,NULL,NULL,NULL,NULL,NULL,,0,1
EMP406,London,05-05-2026,NULL,Associate Consultant,Consulting,EMP902,1,1
EMP407,NULL,NULL,NULL,NULL,NULL,,0,1
EMP408,NULL,NULL,NULL,NULL,NULL,,0,1
EMP409,Chennai,10-02-2025,NULL,Associate HRBP,HR,EMP462,1,1
EMP410,NULL,NULL,NULL,NULL,NULL,,0,1
EMP411,Chennai,27-10-2025,NULL,Software Engineer,Delivery,EMP1015,1,1
EMP412,Chennai,24-07-2023,NULL,Senior Software Engineer,Delivery,EMP252,1,1
EMP413,NULL,NULL,NULL,NULL,NULL,,0,1
EMP414,Chennai,01-07-2025,NULL,IT Support Engineer,IT Support,EMP526,1,1
EMP415,Chennai,02-02-2026,NULL,Trainee Software Engineer,Delivery,EMP981,1,1
EMP416,New York,18-02-2025,NULL,People and Internal Communications Associate,Support,EMP46,1,1
EMP417,London,27-01-2025,NULL,Head of Financial Control,Support,EMP61,1,1
EMP418,Chennai,24-07-2023,NULL,Solutions Enabler,Delivery,EMP271,1,1
EMP419,Chennai,02-02-2026,NULL,Trainee Software Engineer,Delivery,EMP928,1,1
EMP420,NULL,NULL,NULL,NULL,NULL,,0,1
EMP421,New York,12-01-2026,30-06-2026, Internal Comms Project Manager,Delivery,EMP61,1,1
EMP422,NULL,NULL,NULL,NULL,NULL,,0,1
EMP423,NULL,NULL,NULL,NULL,NULL,,0,1
EMP424,London,03-11-2025,NULL,Associate Consultant,Delivery,EMP230,1,1
EMP425,Chennai,01-04-2017,NULL,Technical Solutions Architect,Delivery,EMP973,1,1
EMP426,London,01-06-2021,NULL,Solutions Consultant,Delivery,EMP636,1,1
EMP427,Chennai,02-02-2026,NULL,Trainee Software Engineer,Delivery,EMP928,1,1
EMP428,Chennai,06-09-2021,NULL,Solutions Consultant,Delivery,EMP762,1,1
EMP429,Chennai,02-02-2026,NULL,Trainee Software Engineer,Delivery,EMP928,1,1
EMP430,Chennai,02-02-2026,NULL,Trainee Software Engineer,Delivery,EMP928,1,1
EMP431,Chennai,02-02-2026,NULL,Trainee Software Engineer,Delivery,EMP928,1,1
EMP432,NULL,NULL,NULL,NULL,NULL,,0,1
EMP433,Chennai,22-07-2024,NULL,Senior Software Engineer,Delivery,EMP950,1,1
EMP434,Chennai,02-02-2026,NULL,Trainee Software Engineer,Delivery,EMP981,1,1
EMP435,Chennai,02-02-2026,NULL,Trainee Software Engineer,Delivery,EMP928,1,1
EMP436,London,15-03-2021,NULL,Manager,Delivery,EMP1031,1,1
EMP437,Chennai,NULL,NULL,NULL,NULL,,0,1
EMP438,Chennai,01-07-2020,NULL,Senior Solutions Consultant,Delivery,EMP762,1,1
EMP439,Chennai,22-07-2024,NULL,Senior Software Engineer,Delivery,EMP102,1,1
EMP440,NULL,NULL,NULL,NULL,NULL,,0,1
EMP441,London,20-10-2025,NULL,Leadership,Support,EMP351,1,1
EMP442,Chennai,01-02-2023,NULL,Solutions Enabler,Delivery,EMP277,1,1
EMP443,Chennai,21-02-2022,NULL,Solutions Consultant,Delivery,EMP398,1,1
EMP444,Chennai,02-06-2025,NULL,Software Engineer,Delivery,EMP79,1,1
EMP445,Chennai,01-07-2020,NULL,Solutions Consultant,Delivery,EMP425,1,1
EMP446,NULL,NULL,NULL,NULL,NULL,,0,1
EMP447,Chennai,20-01-2025,NULL,HR Administrator,HR,EMP462,1,1
EMP448,Chennai,02-02-2026,NULL,Trainee Software Engineer,Delivery,EMP981,1,1
EMP449,Chennai,02-02-2026,NULL,Trainee Software Engineer,Delivery,EMP981,1,1
EMP450,NULL,NULL,NULL,NULL,NULL,,0,1
EMP451,Chennai,01-07-2024,NULL,Solutions Enabler,Delivery,EMP36,1,1
EMP452,London,18-10-2021,NULL,Manager,Delivery,EMP308,1,1
EMP453,NULL,NULL,NULL,NULL,NULL,,0,1
EMP454,NULL,NULL,NULL,NULL,NULL,,0,1
EMP455,Chennai,02-02-2026,NULL,Trainee Software Engineer,Delivery,EMP928,1,1
EMP456,Chennai,01-07-2024,NULL,Solutions Enabler,Delivery,EMP1026,1,1
EMP457,Chennai,03-06-2024,NULL,Solutions Enabler,Delivery,EMP1026,1,1
EMP458,Chennai,NULL,NULL,NULL,NULL,,0,1
EMP459,NULL,NULL,NULL,NULL,NULL,,0,1
EMP460,NULL,NULL,NULL,NULL,NULL,,0,1
EMP461,Chennai,04-05-2026,NULL,Senior HR Leader Consultant,NULL,EMP483,1,1
EMP462,Chennai,17-07-2023,NULL,People Lead,HR,EMP301,1,1
EMP463,Chennai,09-06-2025,NULL,Software Engineer,Delivery,EMP189,1,1
EMP464,NULL,NULL,NULL,NULL,NULL,,0,1
EMP465,Chennai,02-02-2026,NULL,Trainee Software Engineer,Delivery,EMP928,1,1
EMP466,Chennai,04-11-2025,NULL,Software Engineer,Delivery,EMP225,1,1
EMP467,NULL,NULL,NULL,NULL,NULL,,0,1
EMP468,Chennai,24-07-2023,NULL,Solutions Enabler,Delivery,EMP36,1,1
EMP469,NULL,NULL,NULL,NULL,NULL,,0,1
EMP470,Chennai,04-11-2025,NULL,Software Engineer,Delivery,EMP321,1,1
EMP471,NULL,NULL,NULL,NULL,Delivery,,0,1
EMP472,London,02-06-2025,NULL,Consultant,Delivery,EMP596,1,1
EMP473,NULL,NULL,NULL,NULL,NULL,,0,1
EMP474,NULL,NULL,NULL,NULL,NULL,,0,1
EMP475,NULL,NULL,NULL,NULL,NULL,,0,1
EMP476,Chennai,24-07-2023,NULL,Solutions Consultant,Delivery,EMP428,1,1
EMP477,Chennai,02-06-2025,NULL,Software Engineer,Delivery,EMP603,1,1
EMP478,NULL,NULL,NULL,NULL,Delivery,,0,1
EMP479,New York,20-02-2023,NULL,Senior Consultant,Delivery,EMP1031,1,1
EMP480,London,02-09-2024,NULL,Senior Associate Consultant,Delivery,EMP314,1,1
EMP481,Chennai,02-02-2026,NULL,Trainee Software Engineer,Delivery,EMP928,1,1
EMP482,NULL,NULL,NULL,NULL,NULL,,0,1
EMP483,Chennai,01-04-2017,NULL,Leadership,Delivery,EMP351,1,1
EMP484,Chennai,02-02-2026,NULL,Trainee Software Engineer,Delivery,EMP928,1,1
EMP485,Chennai,02-06-2025,NULL,Software Engineer,Delivery,EMP1034,1,1
EMP486,NULL,NULL,NULL,NULL,NULL,,0,1
EMP487,NULL,NULL,NULL,NULL,Delivery,,0,1
EMP488,Chennai,24-07-2023,NULL,Solutions Enabler,Delivery,EMP98,1,1
EMP489,NULL,NULL,NULL,NULL,NULL,,0,1
EMP490,Chennai,13-12-2021,NULL,Solutions Consultant,Delivery,EMP492,1,1
EMP491,Chennai,01-07-2024,NULL,Senior Software Engineer,Delivery,EMP567,1,1
EMP492,Chennai,05-11-2012,NULL,Senior Solutions Consultant,Delivery,EMP667,1,1
EMP493,NULL,NULL,NULL,NULL,NULL,,0,1
EMP494,NULL,NULL,NULL,NULL,NULL,,0,1
EMP495,NULL,NULL,NULL,NULL,NULL,,0,1
EMP496,Chennai,02-02-2026,NULL,Trainee Software Engineer,Delivery,EMP928,1,1
EMP497,NULL,NULL,NULL,NULL,Delivery,,0,1
EMP498,Chennai,03-06-2024,NULL,Solutions Enabler,Delivery,EMP529,1,1
EMP499,Chennai,22-07-2024,NULL,Senior Software Engineer,Delivery,EMP538,1,1
EMP500,Chennai,02-02-2026,NULL,Trainee Software Engineer,Delivery,EMP928,1,1
EMP501,Chennai,02-06-2025,NULL,Software Engineer,Delivery,EMP91,1,1
EMP502,Chennai,02-06-2025,NULL,Senior Software Engineer,Delivery,EMP68,1,1
EMP503,London,05-05-2026,NULL,Senior Associate Consultant,Consulting,EMP230,1,1
EMP504,London,04-08-2025,NULL,Associate Consultant,Delivery,EMP847,1,1
EMP505,London,05-01-2026,NULL,Associate Consultant,HR,EMP902,1,1
EMP506,NULL,NULL,NULL,NULL,NULL,,0,1
EMP507,Chennai,21-10-2024,NULL,Senior Finance Executive,Finance,EMP544,1,1
EMP508,Chennai,02-06-2025,NULL,Senior Software Engineer,Delivery,EMP254,1,1
EMP509,London,09-03-2026,NULL,HRBP,NULL,EMP46,1,1
EMP510,NULL,NULL,NULL,NULL,NULL,,0,1
EMP511,Chennai,04-11-2025,NULL,Software Engineer,Delivery,EMP950,1,1
EMP512,Chennai,22-07-2024,NULL,Senior Software Engineer,Delivery,EMP443,1,1
EMP513,Chennai,02-06-2025,NULL,Software Engineer,Delivery,EMP891,1,1
EMP514,Chennai,22-12-2025,NULL,TA Coordinator,HR,EMP981,1,1
EMP515,Chennai,02-02-2026,NULL,Trainee Software Engineer,Delivery,EMP928,1,1
EMP516,Chennai,01-07-2020,NULL,Solutions Enabler,Delivery,EMP98,1,1
EMP517,Chennai,02-02-2026,NULL,Trainee Software Engineer,Delivery,EMP928,1,1
EMP518,NULL,NULL,NULL,NULL,NULL,,0,1
EMP519,Chennai,22-07-2024,NULL,Senior Software Engineer,Delivery,EMP848,1,1
EMP520,NULL,NULL,NULL,NULL,NULL,,0,1
EMP521,NULL,NULL,NULL,NULL,NULL,,0,1
EMP522,NULL,NULL,NULL,NULL,NULL,,0,1
EMP523,NULL,NULL,NULL,NULL,NULL,,0,1
EMP524,NULL,NULL,NULL,NULL,NULL,,0,1
EMP525,NULL,NULL,NULL,NULL,NULL,,0,1
EMP526,Chennai,09-09-2024,NULL,IT Infrastructure Enabler,IT Support,EMP667,1,1
EMP527,Chennai,NULL,NULL,NULL,NULL,,0,1
EMP528,Chennai,17-06-2024,NULL,Solutions Enabler,Delivery,EMP848,1,1
EMP529,Chennai,13-12-2021,NULL,Solutions Consultant,Delivery,EMP231,1,1
EMP530,NULL,NULL,NULL,NULL,NULL,,0,1
EMP531,Chennai,06-09-2021,NULL,Solutions Enabler,Delivery,EMP151,1,1
EMP532,Chennai,NULL,NULL,NULL,NULL,,0,1
EMP533,London,09-07-2015,NULL,Associate Partner,Delivery,EMP44,1,1
EMP534,London,05-05-2026,NULL,NULL,Delivery,EMP809,1,1
EMP535,New York,01-09-2016,NULL,Technology Solutions Architect,Delivery,EMP751,1,1
EMP536,NULL,NULL,NULL,NULL,NULL,,0,1
EMP537,Chennai,02-02-2026,NULL,Trainee Software Engineer,Delivery,EMP981,1,1
EMP538,Chennai,24-07-2023,NULL,Solutions Consultant,Delivery,EMP791,1,1
EMP539,NULL,NULL,NULL,NULL,NULL,,0,1
EMP540,Chennai,02-02-2026,NULL,Trainee Software Engineer,Delivery,EMP981,1,1
EMP541,Chennai,24-07-2023,NULL,Senior Software Engineer,Delivery,EMP237,1,1
EMP542,NULL,NULL,NULL,NULL,NULL,,0,1
EMP543,NULL,NULL,NULL,NULL,NULL,,0,1
EMP544,Chennai,03-03-2025,NULL,Finance Controller,Finance,EMP417,1,1
EMP545,Chennai,NULL,NULL,NULL,NULL,,0,1
EMP546,Chennai,01-07-2024,NULL,Senior Software Engineer,Delivery,EMP538,1,1
EMP547,Chennai,21-07-2025,NULL,Solutions Enabler,Delivery,EMP781,1,1
EMP548,Chennai,02-06-2025,NULL,Software Engineer,Delivery,EMP133,1,1
EMP549,Chennai,02-02-2026,NULL,Trainee Software Engineer,Delivery,EMP928,1,1
EMP550,Chennai,01-10-2016,NULL,Solutions Consultant,Delivery,EMP398,1,1
EMP551,Chennai,24-07-2023,NULL,Solutions Enabler,Delivery,EMP166,1,1
EMP552,NULL,NULL,NULL,NULL,NULL,,0,1
EMP553,NULL,NULL,NULL,NULL,NULL,,0,1
EMP554,NULL,NULL,NULL,NULL,NULL,,0,1
EMP555,Chennai,10-02-2026,NULL,Senior Software Engineer,Delivery,EMP237,1,1
EMP556,Chennai,01-07-2024,NULL,Senior Software Engineer,Delivery,EMP516,1,1
EMP557,New York,29-07-2019,NULL,Manager,Delivery,EMP751,1,1
EMP558,NULL,NULL,NULL,NULL,NULL,,0,1
EMP559,Chennai,06-09-2021,NULL,Solutions Consultant,Delivery,EMP762,1,1
EMP560,Chennai,02-02-2026,NULL,Trainee Software Engineer,Delivery,EMP928,1,1
EMP561,Chennai,21-05-2026,NULL,Associate Consultant,NULL,EMP529,1,1
EMP562,Chennai,02-06-2025,NULL,Software Engineer,Delivery,EMP529,1,1
EMP563,London,16-02-2026,29-05-2026,Consultant,Delivery,EMP436,1,1
EMP564,NULL,NULL,NULL,NULL,NULL,,0,1
EMP565,Chennai,02-02-2026,NULL,Trainee Software Engineer,Delivery,EMP928,1,1
EMP566,London,19-01-2026,NULL,Senior Associate Consultant,Delivery,EMP890,1,1
EMP567,Chennai,16-03-2022,NULL,Solutions Consultant,Delivery,EMP161,1,1
EMP568,NULL,NULL,NULL,NULL,Delivery,,0,1
EMP569,Chennai,01-03-2019,NULL,Solutions Consultant,Delivery,EMP398,1,1
EMP570,Chennai,16-02-2026,NULL,Software Engineer,Delivery,EMP90,1,1
EMP571,London,18-09-2023,31-05-2026,Manager,Delivery,EMP533,1,1
EMP572,NULL,NULL,NULL,NULL,NULL,,0,1
EMP573,NULL,NULL,NULL,NULL,NULL,,0,1
EMP574,NULL,NULL,NULL,NULL,NULL,,0,1
EMP575,Chennai,02-02-2026,NULL,Trainee Software Engineer,Delivery,EMP981,1,1
EMP576,NULL,NULL,NULL,NULL,NULL,,0,1
EMP577,Chennai,02-02-2026,NULL,Trainee Software Engineer,Delivery,EMP981,1,1
EMP578,NULL,NULL,NULL,NULL,NULL,,0,1
EMP579,NULL,NULL,NULL,NULL,NULL,,0,1
EMP580,London,04-08-2025,NULL,Associate Consultant,Delivery,EMP811,1,1
EMP581,Chennai,24-07-2023,NULL,Solutions Enabler,Delivery,EMP904,1,1
EMP582,Chennai,22-07-2024,NULL,Senior Software Engineer,Delivery,EMP68,1,1
EMP583,Chennai,02-02-2026,NULL,Trainee Software Engineer,Delivery,EMP981,1,1
EMP584,NULL,NULL,NULL,NULL,NULL,,0,1
EMP585,Chennai,02-02-2026,NULL,Trainee Software Engineer,Delivery,EMP928,1,1
EMP586,Chennai,02-02-2026,NULL,Trainee Software Engineer,Delivery,EMP928,1,1
EMP587,NULL,NULL,NULL,NULL,NULL,,0,1
EMP588,NULL,NULL,NULL,NULL,NULL,,0,1
EMP589,London,05-05-2026,NULL,Consultant,Billable ,EMP62,1,1
EMP590,Chennai,NULL,NULL,NULL,NULL,,0,1
EMP591,NULL,NULL,NULL,NULL,NULL,,0,1
EMP592,NULL,NULL,NULL,NULL,NULL,,0,1
EMP593,Chennai,01-07-2024,NULL,Senior Software Engineer,Delivery,EMP959,1,1
EMP594,Chennai,03-06-2024,NULL,Solutions Enabler,Delivery,EMP882,1,1
EMP595,Chennai,02-06-2025,NULL,Software Engineer,Delivery,EMP476,1,1
EMP596,London,11-01-2021,NULL,Manager,Delivery,EMP903,1,1
EMP597,Chennai,02-02-2026,NULL,Trainee Software Engineer,Delivery,EMP981,1,1
EMP598,London,03-02-2025,NULL,Head of Talent,Support,EMP351,1,1
EMP599,NULL,NULL,NULL,NULL,NULL,,0,1
EMP600,Chennai,02-02-2026,NULL,Trainee Software Engineer,Delivery,EMP981,1,1
EMP601,London,20-02-2023,NULL,Senior Consultant,Delivery,EMP275,1,1
EMP602,NULL,NULL,NULL,NULL,NULL,,0,1
EMP603,Chennai,01-03-2019,NULL,Solutions Enabler,Delivery,EMP215,1,1
EMP604,NULL,NULL,NULL,NULL,Delivery,,0,1
EMP605,Chennai,NULL,NULL,NULL,NULL,,0,1
EMP606,Chennai,20-11-2023,NULL,Solutions Enabler,Delivery,EMP98,1,1
EMP607,Chennai,02-06-2025,NULL,Software Engineer,Delivery,EMP245,1,1
EMP608,NULL,NULL,NULL,NULL,NULL,,0,1
EMP609,London,20-11-2023,NULL,Senior Consultant,Delivery,EMP210,1,1
EMP610,Chennai,24-07-2023,NULL,Solutions Consultant,Delivery,EMP492,1,1
EMP611,Chennai,02-06-2025,NULL,Senior Software Engineer,Delivery,EMP397,1,1
EMP612,Chennai,24-07-2023,NULL,Senior Software Engineer,Delivery,EMP194,1,1
EMP613,NULL,NULL,NULL,NULL,NULL,,0,1
EMP614,Chennai,03-06-2024,NULL,Solutions Enabler,Delivery,EMP98,1,1
EMP615,London,12-09-2022,NULL,Senior Consultant,Delivery,EMP308,1,1
EMP616,NULL,NULL,NULL,NULL,NULL,,0,1
EMP617,Chennai,02-02-2026,NULL,Trainee Software Engineer,Delivery,EMP981,1,1
EMP618,Chennai,28-01-2026,NULL,Solutions Enabler,Delivery,EMP567,1,1
EMP619,NULL,NULL,NULL,NULL,NULL,,0,1
EMP620,Chennai,02-02-2026,NULL,Trainee Software Engineer,Delivery,EMP981,1,1
EMP621,NULL,NULL,NULL,NULL,NULL,,0,1
EMP622,Chennai,02-06-2025,NULL,Software Engineer,Delivery,EMP102,1,1
EMP623,Chennai,17-06-2024,NULL,Solutions Enabler,Delivery,EMP1020,1,1
EMP624,Chennai,13-12-2021,NULL,Senior Software Engineer,Delivery,EMP102,1,1
EMP625,NULL,NULL,NULL,NULL,NULL,,0,1
EMP626,NULL,NULL,NULL,NULL,NULL,,0,1
EMP627,London,26-01-2026,NULL,HRBP,NULL,EMP46,1,1
EMP628,NULL,NULL,NULL,NULL,NULL,,0,1
EMP629,Chennai,19-01-2026,NULL,Admin Manager,HR,EMP301,1,1
EMP630,London,05-01-2026,NULL,Associate Consultant,Delivery,EMP197,1,1
EMP631,NULL,NULL,NULL,NULL,NULL,,0,1
EMP632,Chennai,02-02-2026,NULL,Trainee Software Engineer,Delivery,EMP981,1,1
EMP633,NULL,NULL,NULL,NULL,NULL,,0,1
EMP634,Chennai,24-07-2023,NULL,Senior Software Engineer,Delivery,EMP425,1,1
EMP635,London,07-07-2025,NULL,Senior Associate Consultant,Delivery,EMP890,1,1
EMP636,Chennai,01-09-2016,NULL,Technology Solutions Architect,Delivery,EMP648,1,1
EMP637,NULL,NULL,NULL,NULL,NULL,,0,1
EMP638,NULL,NULL,NULL,NULL,NULL,,0,1
EMP639,Chennai,02-06-2025,NULL,Software Engineer,Delivery,EMP701,1,1
EMP640,London,01-08-2023,NULL,Leadership,NULL,EMP351,1,1
EMP641,Chennai,02-02-2026,NULL,Trainee Software Engineer,Delivery,EMP928,1,1
EMP642,NULL,NULL,NULL,NULL,NULL,,0,1
EMP643,NULL,NULL,NULL,NULL,NULL,,0,1
EMP644,NULL,NULL,NULL,NULL,NULL,,0,1
EMP645,NULL,NULL,NULL,NULL,Delivery,,0,1
EMP646,Chennai,24-07-2023,NULL,Solutions Enabler,Delivery,EMP348,1,1
EMP647,London,24-11-2025,NULL,IT Manager,IT Support,EMP1042,1,1
EMP648,Chennai,19-02-2025,NULL,Principal Technology Architect,Delivery,EMP483,1,1
EMP649,NULL,NULL,NULL,NULL,Delivery,,0,1
EMP650,Chennai,03-12-2025,NULL,Senior Software Engineer,Delivery,EMP943,1,1
EMP651,Chennai,02-06-2025,NULL,Software Engineer,Delivery,EMP882,1,1
EMP652,NULL,NULL,NULL,NULL,NULL,,0,1
EMP653,Chennai,22-07-2024,NULL,Senior Software Engineer,Delivery,EMP277,1,1
EMP654,Chennai,13-12-2021,NULL,Solutions Consultant,Delivery,EMP882,1,1
EMP655,London,16-09-2024,10-06-2026,Senior Consultant,Delivery,EMP533,1,1
EMP656,NULL,NULL,NULL,NULL,Delivery,,0,1
EMP657,London,22-04-2025,NULL,Senior Associate Consultant,,EMP596,1,1
EMP658,London,26-09-2022,NULL,Consultant,Delivery,EMP275,1,1
EMP659,Chennai,21-01-2026,NULL,Senior TA Coordinator,HR,EMP928,1,1
EMP660,Chennai,13-12-2021,NULL,Solutions Enabler,Delivery,EMP244,1,1
EMP661,New York,10-08-2020,NULL,Principal,Delivery,EMP533,1,1
EMP662,Chennai,24-07-2023,NULL,Solutions Enabler,Delivery,EMP610,1,1
EMP663,Chennai,02-06-2025,NULL,Software Engineer,Delivery,EMP952,1,1
EMP664,NULL,NULL,NULL,NULL,NULL,,0,1
EMP665,New York,26-08-2024,NULL,Senior Associate Consultant,Delivery,EMP903,1,1
EMP666,NULL,NULL,NULL,NULL,NULL,,0,1
EMP667,Chennai,02-05-2024,NULL,Principal Technology Architect,Delivery,EMP483,1,1
EMP668,NULL,NULL,NULL,NULL,NULL,,0,1
EMP669,Chennai,02-02-2026,NULL,Trainee Software Engineer,Delivery,EMP928,1,1
EMP670,Chennai,02-06-2025,NULL,Software Engineer,Delivery,EMP443,1,1
EMP671,Chennai,02-02-2026,NULL,Trainee Software Engineer,Delivery,EMP981,1,1
EMP672,NULL,NULL,NULL,NULL,NULL,,0,1
EMP673,Chennai,01-06-2021,NULL,Solutions Enabler,Delivery,EMP569,1,1
EMP674,NULL,NULL,NULL,NULL,NULL,,0,1
EMP675,Chennai,13-12-2021,NULL,Senior Solutions Consultant,Delivery,EMP161,1,1
EMP676,Chennai,05-04-2017,NULL,Principal Technology Architect,Delivery,EMP483,1,1
EMP677,Chennai,22-07-2024,NULL,Senior Software Engineer,Delivery,EMP662,1,1
EMP678,London,07-10-2024,NULL,Senior Associate Consultant,Delivery,EMP596,1,1
EMP679,London,04-11-2024,12-07-2026,Consultant,Delivery,EMP688,1,1
EMP680,Chennai,02-02-2026,NULL,Trainee Software Engineer,Delivery,EMP981,1,1
EMP681,Chennai,02-02-2026,NULL,Trainee Software Engineer,Delivery,EMP928,1,1
EMP682,NULL,NULL,NULL,NULL,NULL,,0,1
EMP683,Chennai,01-07-2020,NULL,Solutions Consultant,Delivery,EMP791,1,1
EMP684,New York,27-01-2020,NULL,Principal,Delivery,EMP903,1,1
EMP685,NULL,NULL,NULL,NULL,NULL,,0,1
EMP686,New York,28-07-2025,NULL,Associate Consultant,Delivery,EMP1021,1,1
EMP687,NULL,NULL,NULL,NULL,NULL,,0,1
EMP688,London,08-08-2022,NULL,Manager,Delivery,EMP22,1,1
EMP689,London,06-10-2025,NULL,Consultant,Delivery,EMP615,1,1
EMP690,Chennai,01-06-2021,NULL,Senior Software Engineer,Delivery,EMP662,1,1
EMP691,NULL,NULL,NULL,NULL,NULL,,0,1
EMP692,London,05-01-2026,NULL,Principal,Delivery,EMP308,1,1
EMP693,London,02-03-2026,NULL,Associate Consultant,Delivery,EMP230,1,1
EMP694,Chennai,02-02-2026,NULL,Trainee Software Engineer,Delivery,EMP981,1,1
EMP695,Chennai,NULL,NULL,NULL,NULL,,0,1
EMP696,NULL,NULL,NULL,NULL,NULL,,0,1
EMP697,NULL,NULL,NULL,NULL,NULL,,0,1
EMP698,Chennai,22-07-2024,NULL,Senior Software Engineer,Delivery,EMP225,1,1
EMP699,NULL,NULL,NULL,NULL,NULL,,0,1
EMP700,Chennai,NULL,NULL,NULL,NULL,,0,1
EMP701,Chennai,24-07-2023,NULL,Solutions Enabler,Delivery,EMP636,1,1
EMP702,Chennai,24-07-2023,NULL,Solutions Enabler,Delivery,EMP1000,1,1
EMP703,NULL,NULL,NULL,NULL,NULL,,0,1
EMP704,London,16-09-2025,NULL,Associate Partner,Delivery,EMP351,1,1
EMP705,NULL,NULL,NULL,NULL,NULL,,0,1
EMP706,Chennai,02-02-2026,NULL,Trainee Software Engineer,Delivery,EMP928,1,1
EMP707,New York,27-04-2026,NULL,NULL,Delivery,EMP716,1,1
EMP708,New York,02-09-2025,NULL,Associate Consultant,Delivery,EMP333,1,1
EMP709,NULL,NULL,NULL,NULL,NULL,,0,1
EMP710,Chennai,24-07-2023,NULL,Senior Software Engineer,Delivery,EMP194,1,1
EMP711,London,05-01-2026,NULL,Senior Associate Consultant,Delivery,EMP609,1,1
EMP712,Chennai,02-02-2026,NULL,Trainee Software Engineer,Delivery,EMP928,1,1
EMP713,NULL,NULL,NULL,NULL,NULL,,0,1
EMP714,Chennai,22-07-2024,NULL,Senior Software Engineer,Delivery,EMP239,1,1
EMP715,Chennai,02-02-2026,NULL,Trainee Software Engineer,Delivery,EMP928,1,1
EMP716,New York,08-08-2024,NULL,Consultant,Delivery,EMP557,1,1
EMP717,Chennai,02-02-2026,NULL,Trainee Software Engineer,Delivery,EMP928,1,1
EMP718,Chennai,02-02-2026,NULL,Trainee Software Engineer,Delivery,EMP981,1,1
EMP719,NULL,NULL,NULL,NULL,NULL,,0,1
EMP720,NULL,NULL,NULL,NULL,NULL,,0,1
EMP721,Chennai,24-07-2023,NULL,Senior Software Engineer,Delivery,EMP559,1,1
EMP722,Chennai,02-06-2025,NULL,Software Engineer,Delivery,EMP807,1,1
EMP723,Chennai,NULL,NULL,NULL,NULL,,0,1
EMP724,NULL,NULL,NULL,NULL,NULL,,0,1
EMP725,Chennai,22-07-2024,NULL,Senior Software Engineer,Delivery,EMP1000,1,1
EMP726,Chennai,02-02-2026,NULL,Trainee Software Engineer,Delivery,EMP928,1,1
EMP727,London,19-05-2025,NULL,EA and Team Assistant,Support,EMP1042,1,1
EMP728,NULL,NULL,NULL,NULL,Delivery,,0,1
EMP729,Chennai,24-07-2023,NULL,Senior Software Engineer,Delivery,EMP167,1,1
EMP730,Chennai,02-02-2026,NULL,Trainee Software Engineer,Delivery,EMP981,1,1
EMP731,NULL,NULL,NULL,NULL,NULL,,0,1
EMP732,London,18-09-2023,NULL,Associate Partner,Delivery,EMP44,1,1
EMP733,NULL,NULL,NULL,NULL,NULL,,0,1
EMP734,Chennai,02-02-2026,NULL,Trainee Software Engineer,Delivery,EMP928,1,1
EMP735,NULL,NULL,NULL,NULL,NULL,,0,1
EMP736,Chennai,22-07-2024,NULL,Senior Software Engineer,Delivery,EMP1000,1,1
EMP737,Chennai,22-07-2024,NULL,Senior Software Engineer,Delivery,EMP654,1,1
EMP738,Chennai,02-06-2025,NULL,Software Engineer,Delivery,EMP528,1,1
EMP739,Chennai,NULL,NULL,NULL,NULL,,0,1
EMP740,NULL,NULL,NULL,NULL,NULL,,0,1
EMP741,NULL,NULL,NULL,NULL,Delivery,,0,1
EMP742,London,07-04-2026,NULL,Senior Associate Consultant,Delivery,EMP688,1,1
EMP743,Chennai,NULL,NULL,NULL,NULL,,0,1
EMP744,Chennai,03-06-2024,NULL,Senior Software Engineer,Delivery,EMP581,1,1
EMP745,Chennai,02-02-2026,NULL,Trainee Software Engineer,Delivery,EMP981,1,1
EMP746,NULL,NULL,NULL,NULL,NULL,,0,1
EMP747,NULL,NULL,NULL,NULL,Delivery,,0,1
EMP748,London,02-02-2026,NULL,Senior Associate Consultant,Delivery,EMP601,1,1
EMP749,Chennai,01-06-2016,NULL,Technology Solutions Architect,Delivery,EMP667,1,1
EMP750,Chennai,01-10-2012,NULL,Solutions Consultant,Delivery,EMP492,1,1
EMP751,New York,07-07-2025,NULL,Associate Partner,Delivery,EMP44,1,1
EMP752,Chennai,02-02-2026,NULL,Trainee Software Engineer,Delivery,EMP981,1,1
EMP753,Chennai,22-07-2024,NULL,Senior Software Engineer,Delivery,EMP5,1,1
EMP754,London,03-01-2023,NULL,Manager,Delivery,EMP1036,1,1
EMP755,Chennai,24-07-2023,NULL,Senior Software Engineer,Delivery,EMP20,1,1
EMP756,NULL,NULL,NULL,NULL,NULL,,0,1
EMP757,Chennai,02-02-2026,NULL,Trainee Software Engineer,Delivery,EMP981,1,1
EMP758,NULL,NULL,NULL,NULL,NULL,,0,1
EMP759,Chennai,24-07-2023,NULL,Senior Software Engineer,Delivery,EMP5,1,1
EMP760,London,NULL,NULL,NULL,,,0,1
EMP761,Chennai,06-09-2021,NULL,Senior Software Engineer,Delivery,EMP750,1,1
EMP762,Chennai,09-06-2021,NULL,Senior Solutions Consultant,Delivery,EMP47,1,1
EMP763,NULL,NULL,NULL,NULL,NULL,,0,1
EMP764,Chennai,17-06-2024,NULL,Senior Software Engineer,Delivery,EMP781,1,1
EMP765,Chennai,02-06-2025,NULL,Software Engineer,Delivery,EMP569,1,1
EMP766,NULL,NULL,NULL,NULL,NULL,,0,1
EMP767,London,04-11-2024,NULL,People Partner,Support,EMP46,1,1
EMP768,NULL,NULL,NULL,NULL,NULL,,0,1
EMP769,Chennai,23-03-2026,NULL,NULL,Delivery,EMP826,1,1
EMP770,NULL,NULL,NULL,NULL,NULL,,0,1
EMP771,Chennai,06-09-2021,NULL,Senior Solutions Consultant,Delivery,EMP425,1,1
EMP772,Chennai,02-02-2026,NULL,Trainee Software Engineer,Delivery,EMP928,1,1
EMP773,NULL,NULL,NULL,NULL,NULL,,0,1
EMP774,Chennai,22-07-2024,NULL,Senior Software Engineer,Delivery,EMP277,1,1
EMP775,Chennai,04-11-2025,NULL,Software Engineer,Delivery,EMP468,1,1
EMP776,Chennai,NULL,NULL,NULL,NULL,,0,1
EMP777,London,02-03-2026,NULL,Associate Consultant,Delivery,EMP804,1,1
EMP778,Chennai,02-02-2026,NULL,Trainee Software Engineer,Delivery,EMP981,1,1
EMP779,Chennai,02-02-2026,NULL,Trainee Software Engineer,Delivery,EMP928,1,1
EMP780,Chennai,02-02-2026,NULL,Trainee Software Engineer,Delivery,EMP928,1,1
EMP781,Chennai,01-07-2020,NULL,Senior Solutions Consultant,Delivery,EMP762,1,1
EMP782,Chennai,01-02-2023,NULL,Senior Software Engineer,Delivery,EMP569,1,1
EMP783,Chennai,02-06-2025,NULL,Software Engineer,Delivery,EMP451,1,1
EMP784,NULL,NULL,NULL,NULL,NULL,,0,1
EMP785,London,01-09-2025,NULL,Associate Consultant,Delivery,EMP62,1,1
EMP786,Chennai,14-11-2023,NULL,Senior Finance Executive,Finance,EMP544,1,1
EMP787,London,19-01-2026,NULL,Principal,Delivery,EMP732,1,1
EMP788,NULL,NULL,NULL,NULL,NULL,,0,1
EMP789,Chennai,01-12-2025,NULL,IT Support Engineer,IT Support,EMP526,1,1
EMP790,Chennai,02-02-2026,NULL,Trainee Software Engineer,Delivery,EMP981,1,1
EMP791,Chennai,01-01-2018,NULL,Senior Solutions Consultant,Delivery,EMP973,1,1
EMP792,NULL,NULL,NULL,NULL,NULL,,0,1
EMP793,Chennai,04-07-2022,NULL,Finance Officer,Finance,EMP544,1,1
EMP794,NULL,NULL,NULL,NULL,NULL,,0,1
EMP795,NULL,NULL,NULL,NULL,NULL,,0,1
EMP796,London,07-04-2026,NULL,Associate Consultant,Delivery,EMP56,1,1
EMP797,NULL,NULL,NULL,NULL,NULL,,0,1
EMP798,NULL,NULL,NULL,NULL,Delivery,,0,1
EMP799,London,11-08-2025,NULL,Associate Consultant,Delivery,EMP337,1,1
EMP800,NULL,NULL,NULL,NULL,NULL,,0,1
EMP801,NULL,NULL,NULL,NULL,NULL,,0,1
EMP802,Chennai,08-12-2025,NULL,Senior Software Engineer,Delivery,EMP194,1,1
EMP803,Chennai,24-07-2023,NULL,Solutions Enabler,Delivery,EMP194,1,1
EMP804,London,14-11-2022,NULL,Consultant,Delivery,EMP276,1,1
EMP805,New York,04-11-2024,NULL,Senior Associate Consultant,Delivery,EMP661,1,1
EMP806,Chennai,01-07-2024,NULL,Senior Software Engineer,Delivery,EMP239,1,1
EMP807,Chennai,24-07-2023,NULL,Solutions Enabler,Delivery,EMP425,1,1
EMP808,NULL,NULL,NULL,NULL,NULL,,0,1
EMP809,London,03-01-2023,NULL,Senior Consultant,Delivery,EMP1036,1,1
EMP810,NULL,NULL,NULL,NULL,NULL,,0,1
EMP811,London,20-02-2023,NULL,Senior Consultant,Delivery,EMP22,1,1
EMP812,London,29-11-2021,NULL,Senior Consultant,Delivery,EMP732,1,1
EMP813,NULL,NULL,NULL,NULL,Delivery,,0,1
EMP814,NULL,NULL,NULL,NULL,NULL,,0,1
EMP815,Chennai,07-07-2025,NULL,Leadership,Delivery,EMP483,1,1
EMP816,Chennai,16-02-2026,NULL,Principal Architect,Delivery,EMP483,1,1
EMP817,Chennai,22-07-2024,NULL,Senior Software Engineer,Delivery,EMP348,1,1
EMP818,Chennai,02-02-2026,NULL,Trainee Software Engineer,Delivery,EMP928,1,1
EMP819,NULL,NULL,NULL,NULL,NULL,,0,1
EMP820,Chennai,02-02-2026,NULL,Trainee Software Engineer,Delivery,EMP981,1,1
EMP821,NULL,NULL,NULL,NULL,NULL,,0,1
EMP822,Chennai,08-05-2026,NULL,Associate HRBP,Support,EMP462,1,1
EMP823,Chennai,22-07-2024,NULL,Senior Software Engineer,Delivery,EMP185,1,1
EMP824,Chennai,NULL,NULL,NULL,NULL,,0,1
EMP825,Chennai,NULL,NULL,NULL,NULL,,0,1
EMP826,Chennai,24-07-2023,NULL,Senior Software Engineer,Delivery,EMP675,1,1
EMP827,Chennai,02-02-2026,NULL,Trainee Software Engineer,Delivery,EMP981,1,1
EMP828,Chennai,02-02-2026,NULL,Trainee Software Engineer,Delivery,EMP928,1,1
EMP829,Chennai,NULL,NULL,NULL,NULL,,0,1
EMP830,NULL,NULL,NULL,NULL,NULL,,0,1
EMP831,Chennai,13-10-2025,NULL,Solutions Enabler,Delivery,EMP567,1,1
EMP832,London,02-03-2026,NULL,Associate Consultant,Delivery,EMP197,1,1
EMP833,NULL,NULL,NULL,NULL,NULL,,0,1
EMP834,London,15-04-2026,NULL,Associate Consultant,Delivery,EMP812,1,1
EMP835,NULL,NULL,NULL,NULL,NULL,,0,1
EMP836,NULL,NULL,NULL,NULL,Delivery,,0,1
EMP837,Chennai,02-02-2026,NULL,Trainee Software Engineer,Delivery,EMP928,1,1
EMP838,Chennai,09-02-2026,NULL,Finance Specialist,Finance,EMP544,1,1
EMP839,NULL,NULL,NULL,NULL,NULL,,0,1
EMP840,NULL,NULL,NULL,NULL,Delivery,,0,1
EMP841,Chennai,02-06-2025,NULL,Software Engineer,Delivery,EMP439,1,1
EMP842,London,09-03-2026,NULL,Senior Consultant,Delivery,EMP22,1,1
EMP843,Chennai,NULL,NULL,NULL,NULL,,0,1
EMP844,Chennai,22-07-2024,NULL,Senior Software Engineer,Delivery,EMP57,1,1
EMP845,Chennai,NULL,NULL,NULL,NULL,,0,1
EMP846,Chennai,02-02-2026,NULL,Trainee Software Engineer,Delivery,EMP981,1,1
EMP847,London,20-06-2022,NULL,Senior Consultant,Delivery,EMP688,1,1
EMP848,Chennai,01-03-2019,NULL,Solutions Consultant,Delivery,EMP166,1,1
EMP849,London,15-04-2026,NULL,Principal,Delivery,EMP907,1,1
EMP850,NULL,NULL,NULL,NULL,NULL,,0,1
EMP851,Chennai,13-05-2026,13-05-2027,Associate Finance Controller,Support,EMP544,1,1
EMP852,London,15-04-2026,NULL,Consultant,Delivery,EMP596,1,1
EMP853,Chennai,02-06-2025,NULL,Software Engineer,Delivery,EMP943,1,1
EMP854,NULL,NULL,NULL,NULL,NULL,,0,1
EMP855,NULL,NULL,NULL,NULL,NULL,,0,1
EMP856,Chennai,02-02-2026,NULL,Trainee Software Engineer,Delivery,EMP928,1,1
EMP857,Chennai,02-02-2026,NULL,Trainee Software Engineer,Delivery,EMP981,1,1
EMP858,London,09-03-2026,NULL,Associate Consultant,Delivery,EMP658,1,1
EMP859,NULL,NULL,NULL,NULL,Delivery,,0,1
EMP860,NULL,NULL,NULL,NULL,NULL,,0,1
EMP861,Chennai,17-06-2024,NULL,Solutions Enabler,Delivery,EMP675,1,1
EMP862,NULL,NULL,NULL,NULL,NULL,,0,1
EMP863,Chennai,22-07-2024,NULL,Senior Software Engineer,Delivery,EMP1026,1,1
EMP864,Chennai,02-02-2026,NULL,Trainee Software Engineer,Delivery,EMP928,1,1
EMP865,NULL,NULL,NULL,NULL,Delivery,,0,1
EMP866,London,02-03-2026,NULL,Associate Consultant,Delivery,EMP812,1,1
EMP867,NULL,NULL,NULL,NULL,Delivery,,0,1
EMP868,NULL,NULL,NULL,NULL,NULL,,0,1
EMP869,London,02-03-2026,NULL,Senior Legal Counsel & Head of Privacy,Legal,EMP441,1,1
EMP870,Chennai,17-06-2024,NULL,Senior Software Engineer,Delivery,EMP848,1,1
EMP871,London,19-08-2024,NULL,Senior Associate Consultant,Delivery,EMP937,1,1
EMP872,Chennai,02-06-2025,NULL,Software Engineer,Delivery,EMP516,1,1
EMP873,Chennai,02-02-2026,NULL,Trainee Software Engineer,Delivery,EMP928,1,1
EMP874,London,16-09-2024,NULL,Senior Associate Consultant,Delivery,EMP609,1,1
EMP875,Chennai,02-02-2026,NULL,Trainee Software Engineer,Delivery,EMP928,1,1
EMP876,Chennai,02-02-2026,NULL,Trainee Software Engineer,Delivery,EMP928,1,1
EMP877,Chennai,04-11-2025,NULL,Software Engineer,Delivery,EMP206,1,1
EMP878,NULL,NULL,NULL,NULL,NULL,,0,1
EMP879,Chennai,02-06-2025,NULL,Software Engineer,Delivery,EMP5,1,1
EMP880,NULL,NULL,NULL,NULL,NULL,,0,1
EMP881,Chennai,02-02-2026,NULL,Trainee Software Engineer,Delivery,EMP981,1,1
EMP882,Chennai,01-07-2020,NULL,Senior Solutions Consultant,Delivery,EMP215,1,1
EMP883,Chennai,02-02-2026,NULL,Trainee Software Engineer,Delivery,EMP981,1,1
EMP884,NULL,NULL,NULL,NULL,Delivery,,0,1
EMP885,New York,18-05-2026,NULL,NULL,US Non-Billable (Back Office),EMP186,1,1
EMP886,NULL,NULL,NULL,NULL,NULL,,0,1
EMP887,Chennai,02-02-2026,NULL,Trainee Software Engineer,Delivery,EMP981,1,1
EMP888,New York,06-04-2026,NULL,Associate Consultant,Delivery,EMP152,1,1
EMP889,NULL,NULL,NULL,NULL,NULL,,0,1
EMP890,London,16-10-2023,NULL,Senior Consultant,Delivery,EMP994,1,1
EMP891,Chennai,01-07-2024,NULL,Solutions Enabler,Delivery,EMP5,1,1
EMP892,NULL,NULL,NULL,NULL,NULL,,0,1
EMP893,Chennai,02-06-2025,NULL,Software Engineer,Delivery,EMP366,1,1
EMP894,New York,11-11-2024,NULL,Associate Consultant,Delivery,EMP320,1,1
EMP895,London,08-12-2025,NULL,Talent Acquisition Partner,HR,EMP598,1,1
EMP896,London,05-01-2026,NULL,Interim Group Financial Controller,Finance,EMP417,1,1
EMP897,NULL,NULL,NULL,NULL,Delivery,,0,1
EMP898,Chennai,02-02-2026,NULL,Trainee Software Engineer,Delivery,EMP981,1,1
EMP899,Chennai,24-07-2023,NULL,Solutions Enabler,Delivery,EMP490,1,1
EMP900,London,06-09-2021,NULL,Consultant,Delivery,EMP557,1,1
EMP901,Chennai,02-02-2026,NULL,Trainee Software Engineer,Delivery,EMP981,1,1
EMP902,London,07-07-2025,NULL,Consultant,Delivery,EMP754,1,1
EMP903,New York,06-11-2017,NULL,Associate Partner,Delivery,EMP351,1,1
EMP904,Chennai,13-12-2021,NULL,Solutions Consultant,Delivery,EMP492,1,1
EMP905,Chennai,22-07-2024,NULL,Senior Software Engineer,Delivery,EMP426,1,1
EMP906,London,24-11-2025,NULL,Senior Associate Consultant,Delivery,EMP812,1,1
EMP907,New York,01-10-2024,NULL,Associate Partner,Delivery,EMP44,1,1
EMP908,NULL,NULL,NULL,NULL,NULL,,0,1
EMP909,NULL,NULL,NULL,NULL,Delivery,EMP751,0,1
EMP910,Chennai,02-02-2026,NULL,Trainee Software Engineer,Delivery,EMP928,1,1
EMP911,Chennai,02-02-2026,NULL,Trainee Software Engineer,Delivery,EMP928,1,1
EMP912,NULL,NULL,NULL,NULL,NULL,,0,1
EMP913,Chennai,02-02-2026,NULL,Trainee Software Engineer,Delivery,EMP928,1,1
EMP914,Chennai,04-11-2025,NULL,Software Engineer,Delivery,EMP225,1,1
EMP915,NULL,NULL,NULL,NULL,NULL,,0,1
EMP916,Chennai,21-04-2026,NULL,Senior Software Engineer,Delivery,EMP245,1,1
EMP917,Chennai,04-11-2025,NULL,Software Engineer,Delivery,EMP1015,1,1
EMP918,Chennai,NULL,NULL,NULL,NULL,,0,1
EMP919,London,02-02-2026,31-07-2026,Associate Consultant,Delivery,EMP27,1,1
EMP920,London,08-09-2025,NULL,Senior Associate Consultant,Delivery,EMP314,1,1
EMP921,Chennai,24-07-2023,NULL,Solutions Enabler,Delivery,EMP904,1,1
EMP922,Chennai,21-04-2025,NULL,Resourcing Manager,HR,EMP248,1,1
EMP923,Chennai,23-01-2026,NULL,Senior Software Engineer,Delivery,EMP20,1,1
EMP924,Chennai,NULL,NULL,Senior Software Engineer,NULL,,0,1
EMP925,Chennai,03-06-2024,NULL,Senior Software Engineer,Delivery,EMP567,1,1
EMP926,NULL,NULL,NULL,NULL,NULL,,0,1
EMP927,NULL,NULL,NULL,NULL,NULL,,0,1
EMP928,Chennai,12-05-2025,NULL,Talent Acquisition Partner,HR,EMP301,1,1
EMP929,Chennai,NULL,NULL,NULL,NULL,,0,1
EMP930,Chennai,02-02-2026,NULL,Trainee Software Engineer,Delivery,EMP981,1,1
EMP931,NULL,NULL,NULL,NULL,NULL,,0,1
EMP932,Chennai,22-07-2024,NULL,Senior Software Engineer,Delivery,EMP443,1,1
EMP933,Chennai,01-07-2024,NULL,Solutions Enabler,Delivery,EMP438,1,1
EMP934,NULL,NULL,NULL,NULL,NULL,,0,1
EMP935,NULL,NULL,NULL,NULL,NULL,,0,1
EMP936,NULL,NULL,NULL,NULL,NULL,,0,1
EMP937,London,08-03-2021,NULL,Manager,Delivery,EMP193,1,1
EMP938,NULL,NULL,NULL,NULL,NULL,,0,1
EMP939,NULL,NULL,NULL,NULL,NULL,,0,1
EMP940,Chennai,02-06-2025,NULL,Software Engineer,Delivery,EMP91,1,1
EMP941,Chennai,27-04-2026,NULL,Solutions Enabler,Delivery,EMP959,1,1
EMP942,NULL,NULL,NULL,NULL,NULL,,0,1
EMP943,Chennai,24-07-2023,NULL,Solutions Enabler,Delivery,EMP161,1,1
EMP944,Chennai,02-06-2025,NULL,Software Engineer,Delivery,EMP606,1,1
EMP945,London,NULL,NULL,NULL,Delivery,,0,1
EMP946,NULL,NULL,NULL,NULL,NULL,,0,1
EMP947,NULL,NULL,NULL,Intern,NULL,,0,1
EMP948,Chennai,22-07-2024,NULL,Senior Software Engineer,Delivery,EMP443,1,1
EMP949,London,01-11-2023,NULL,Finance Assistant,Support,EMP417,1,1
EMP950,Chennai,05-06-2023,NULL,Solutions Enabler,Delivery,EMP244,1,1
EMP951,London,04-03-2025,NULL,Office Manager,Support,EMP1042,1,1
EMP952,Chennai,13-12-2021,NULL,Solutions Consultant,Delivery,EMP288,1,1
EMP953,NULL,NULL,NULL,NULL,NULL,,0,1
EMP954,Chennai,02-02-2026,NULL,Trainee Software Engineer,Delivery,EMP928,1,1
EMP955,Chennai,02-02-2026,NULL,Trainee Software Engineer,Delivery,EMP981,1,1
EMP956,Chennai,02-06-2025,NULL,Software Engineer,Delivery,EMP1020,1,1
EMP957,NULL,NULL,NULL,NULL,Delivery,,0,1
EMP958,Chennai,NULL,NULL,NULL,NULL,,0,1
EMP959,Chennai,13-12-2021,NULL,Solutions Consultant,Delivery,EMP791,1,1
EMP960,Chennai,02-06-2025,NULL,Software Engineer,Delivery,EMP271,1,1
EMP961,NULL,NULL,NULL,NULL,NULL,,0,1
EMP962,London,02-06-2025,NULL,Senior Associate Consultant,Delivery,EMP276,1,1
EMP963,NULL,NULL,NULL,NULL,NULL,,0,1
EMP964,NULL,NULL,NULL,NULL,NULL,,0,1
EMP965,Chennai,22-07-2024,NULL,Senior Software Engineer,Delivery,EMP249,1,1
EMP966,Chennai,NULL,NULL,NULL,NULL,,0,1
EMP967,Chennai,02-06-2025,NULL,Software Engineer,Delivery,EMP950,1,1
EMP968,NULL,NULL,NULL,NULL,NULL,,0,1
EMP969,NULL,NULL,NULL,NULL,Finance,,0,1
EMP970,NULL,NULL,NULL,NULL,NULL,,0,1
EMP971,NULL,NULL,NULL,NULL,NULL,,0,1
EMP972,London,16-09-2025,NULL,Senior Associate Consultant,Delivery,EMP754,1,1
EMP973,Chennai,14-11-2013,NULL,Principal Technology Architect,Delivery,EMP47,1,1
EMP974,New York,06-02-2023,NULL,Senior Consultant,Delivery,EMP320,1,1
EMP975,Chennai,17-06-2024,NULL,Senior Software Engineer,Delivery,EMP151,1,1
EMP976,NULL,NULL,NULL,NULL,NULL,,0,1
EMP977,Chennai,02-02-2026,NULL,Trainee Software Engineer,Delivery,EMP981,1,1
EMP978,Chennai,24-07-2023,NULL,Senior Software Engineer,Delivery,EMP185,1,1
EMP979,Chennai,02-02-2026,NULL,Trainee Software Engineer,Delivery,EMP928,1,1
EMP980,Chennai,NULL,NULL,NULL,NULL,,0,1
EMP981,Chennai,25-09-2023,NULL,Talent Acquisition,HR,EMP301,1,1
EMP982,Chennai,02-02-2026,NULL,Trainee Software Engineer,Delivery,EMP981,1,1
EMP983,Chennai,NULL,NULL,NULL,NULL,,0,1
EMP984,Chennai,02-02-2026,NULL,Trainee Software Engineer,Delivery,EMP928,1,1
EMP985,NULL,NULL,NULL,NULL,NULL,,0,1
EMP986,Chennai,07-02-2022,NULL,Senior Software Engineer,Delivery,EMP166,1,1
EMP987,NULL,NULL,NULL,NULL,NULL,,0,1
EMP988,Chennai,02-02-2026,NULL,Trainee Software Engineer,Delivery,EMP928,1,1
EMP989,NULL,NULL,NULL,NULL,NULL,,0,1
EMP990,NULL,NULL,NULL,NULL,NULL,,0,1
EMP991,Chennai,09-06-2025,NULL,Software Engineer,Delivery,EMP252,1,1
EMP992,Chennai,01-07-2024,NULL,Senior Software Engineer,Delivery,EMP882,1,1
EMP993,NULL,NULL,NULL,NULL,NULL,,0,1
EMP994,London,02-10-2023,NULL,Principal,Delivery,EMP44,1,1
EMP995,NULL,NULL,NULL,NULL,NULL,,0,1
EMP996,Chennai,22-07-2024,NULL,Senior Software Engineer,Delivery,EMP428,1,1
EMP997,London,06-05-2025,NULL,Consultant,Delivery,EMP275,1,1
EMP998,Chennai,28-04-2026,NULL,Software Engineer,Delivery,EMP438,1,1
EMP999,NULL,NULL,NULL,NULL,NULL,,0,1
EMP1000,Chennai,01-09-2022,NULL,Solutions Consultant,Delivery,EMP398,1,1
EMP1001,Chennai,22-07-2024,NULL,Software Engineer,Delivery,EMP252,1,1
EMP1002,NULL,NULL,NULL,NULL,NULL,,0,1
EMP1003,Chennai,28-01-2026,NULL,Consultant,Delivery,EMP816,1,1
EMP1004,NULL,NULL,NULL,NULL,NULL,,0,1
EMP1005,NULL,NULL,NULL,NULL,NULL,,0,1
EMP1006,Chennai,22-07-2024,NULL,Senior Software Engineer,Delivery,EMP559,1,1
EMP1007,London,03-02-2025,NULL,Senior Associate Consultant,Delivery,EMP27,1,1
EMP1008,Chennai,01-07-2024,NULL,Senior Software Engineer,Delivery,EMP952,1,1
EMP1009,London,06-10-2025,NULL,Associate Consultant,Delivery,EMP27,1,1
EMP1010,NULL,NULL,NULL,NULL,NULL,,0,1
EMP1011,NULL,NULL,NULL,NULL,Delivery,,0,1
EMP1012,NULL,NULL,NULL,NULL,NULL,,0,1
EMP1013,London,06-01-2025,NULL,Senior Associate Consultant,Delivery,EMP601,1,1
EMP1014,Chennai,22-07-2024,NULL,Senior Software Engineer,Delivery,EMP660,1,1
EMP1015,Chennai,21-07-2025,NULL,Solutions Consultant,Delivery,EMP231,1,1
EMP1016,Chennai,02-02-2026,NULL,Trainee Software Engineer,Delivery,EMP928,1,1
EMP1017,Chennai,NULL,NULL,NULL,NULL,,0,1
EMP1018,Chennai,02-02-2026,NULL,Trainee Software Engineer,Delivery,EMP981,1,1
EMP1019,NULL,NULL,NULL,NULL,NULL,,0,1
EMP1020,Chennai,13-12-2021,NULL,Solutions Enabler,Delivery,EMP749,1,1
EMP1021,New York,12-09-2022,NULL,Senior Consultant,Delivery,EMP684,1,1
EMP1022,London,28-01-2025,31-07-2026,Marketing Manager,Support,EMP815,1,1
EMP1023,Chennai,02-02-2026,NULL,Trainee Software Engineer,Delivery,EMP928,1,1
EMP1024,London,03-11-2025,NULL,Associate Consultant,Delivery,EMP195,1,1
EMP1025,Chennai,03-06-2024,NULL,Senior Software Engineer,Delivery,EMP167,1,1
EMP1026,Chennai,16-05-2022,NULL,Solutions Consultant,Delivery,EMP215,1,1
EMP1027,London,02-02-2026,NULL,Associate Consultant,Delivery,EMP679,1,1
EMP1028,NULL,NULL,NULL,NULL,NULL,,0,1
EMP1029,Chennai,NULL,NULL,NULL,NULL,,0,1
EMP1030,NULL,NULL,NULL,NULL,NULL,,0,1
EMP1031,New York,02-09-2019,NULL,Principal,Delivery,EMP44,1,1
EMP1032,Chennai,22-07-2024,NULL,Senior Software Engineer,Delivery,EMP781,1,1
EMP1033,Chennai,24-07-2023,NULL,Solutions Enabler,Delivery,EMP404,1,1
EMP1034,Chennai,13-12-2021,NULL,Solutions Enabler,Delivery,EMP357,1,1
EMP1035,Chennai,02-02-2026,NULL,Trainee Software Engineer,Delivery,EMP928,1,1
EMP1036,London,12-07-2021,NULL,Principal,Delivery,EMP308,1,1
EMP1037,Chennai,22-07-2024,NULL,Senior Software Engineer,Delivery,EMP445,1,1
EMP1038,NULL,NULL,NULL,NULL,NULL,,0,1
EMP1039,Chennai,02-02-2026,NULL,Trainee Software Engineer,Delivery,EMP981,1,1
EMP1040,NULL,NULL,NULL,NULL,Delivery,,0,1
EMP1041,NULL,NULL,NULL,NULL,IT Support,,0,1
EMP1042,London,03-05-2021,NULL,Operations Lead,Support,EMP61,1,1
